店舗ID,店舗名
S001,佐賀県_店舗001
S002,秋田県_店舗002
S003,広島県_店舗003
S004,岐阜県_店舗004
S005,佐賀県_店舗005
S006,秋田県_店舗006
S007,滋賀県_店舗007
S008,京都府_店舗008
S009,愛媛県_店舗009
S010,宮崎県_店舗010
S011,山口県_店舗011
S012,静岡県_店舗012
S013,愛知県_店舗013
S014,栃木県_店舗014
S015,佐賀県_店舗015
S016,茨城県_店舗016
S017,徳島県_店舗017
S018,長崎県_店舗018
S019,兵庫県_店舗019
S020,愛媛県_店舗020
S021,栃木県_店舗021
S022,長崎県_店舗022
S023,神奈川県_店舗023
S024,石川県_店舗024
S025,栃木県_店舗025
S026,香川県_店舗026
S027,鳥取県_店舗027
S028,石川県_店舗028
S029,宮城県_店舗029
S030,熊本県_店舗030
S031,神奈川県_店舗031
S032,石川県_店舗032
S033,徳島県_店舗033
S034,静岡県_店舗034
S035,長野県_店舗035
S036,鳥取県_店舗036
S037,東京都_店舗037
S038,高知県_店舗038
S039,神奈川県_店舗039
S040,和歌山県_店舗040
S041,奈良県_店舗041
S042,大阪府_店舗042
S043,群馬県_店舗043
S044,大分県_店舗044
S045,大分県_店舗045
S046,石川県_店舗046
S047,岡山県_店舗047
S048,大阪府_店舗048
S049,青森県_店舗049
S050,埼玉県_店舗050
S051,新潟県_店舗051
S052,神奈川県_店舗052
S053,埼玉県_店舗053
S054,愛知県_店舗054
S055,宮城県_店舗055
S056,高知県_店舗056
S057,北海道_店舗057
S058,三重県_店舗058
S059,埼玉県_店舗059
S060,鹿児島県_店舗060
S061,福岡県_店舗061
S062,山梨県_店舗062
S063,島根県_店舗063
S064,島根県_店舗064
S065,山口県_店舗065
S066,愛媛県_店舗066
S067,沖縄県_店舗067
S068,愛知県_店舗068
S069,静岡県_店舗069
S070,滋賀県_店舗070
S071,広島県_店舗071
S072,岡山県_店舗072
S073,石川県_店舗073
S074,福島県_店舗074
S075,山口県_店舗075
S076,岡山県_店舗076
S077,岩手県_店舗077
S078,佐賀県_店舗078
S079,広島県_店舗079
S080,山梨県_店舗080
S081,岩手県_店舗081
S082,大分県_店舗082
S083,岩手県_店舗083
S084,大分県_店舗084
S085,東京都_店舗085
S086,静岡県_店舗086
S087,青森県_店舗087
S088,広島県_店舗088
S089,山口県_店舗089
S090,新潟県_店舗090
S091,京都府_店舗091
S092,鳥取県_店舗092
S093,福井県_店舗093
S094,滋賀県_店舗094
S095,和歌山県_店舗095
S096,岩手県_店舗096
S097,島根県_店舗097
S098,京都府_店舗098
S099,福井県_店舗099
S100,香川県_店舗100
S101,鹿児島県_店舗101
S102,岐阜県_店舗102
S103,鹿児島県_店舗103
S104,福井県_店舗104
S105,大分県_店舗105
S106,栃木県_店舗106
S107,佐賀県_店舗107
S108,佐賀県_店舗108
S109,山形県_店舗109
S110,徳島県_店舗110
S111,三重県_店舗111
S112,愛知県_店舗112
S113,愛知県_店舗113
S114,石川県_店舗114
S115,栃木県_店舗115
S116,静岡県_店舗116
S117,富山県_店舗117
S118,山形県_店舗118
S119,三重県_店舗119
S120,岐阜県_店舗120
S121,秋田県_店舗121
S122,新潟県_店舗122
S123,徳島県_店舗123
S124,宮城県_店舗124
S125,鹿児島県_店舗125
S126,山口県_店舗126
S127,熊本県_店舗127
S128,愛知県_店舗128
S129,佐賀県_店舗129
S130,埼玉県_店舗130
S131,宮城県_店舗131
S132,岩手県_店舗132
S133,埼玉県_店舗133
S134,千葉県_店舗134
S135,新潟県_店舗135
S136,大阪府_店舗136
S137,静岡県_店舗137
S138,広島県_店舗138
S139,和歌山県_店舗139
S140,熊本県_店舗140
S141,三重県_店舗141
S142,岩手県_店舗142
S143,香川県_店舗143
S144,埼玉県_店舗144
S145,新潟県_店舗145
S146,和歌山県_店舗146
S147,沖縄県_店舗147
S148,富山県_店舗148
S149,長崎県_店舗149
S150,石川県_店舗150
S151,山梨県_店舗151
S152,長崎県_店舗152
S153,北海道_店舗153
S154,石川県_店舗154
S155,沖縄県_店舗155
S156,神奈川県_店舗156
S157,兵庫県_店舗157
S158,福島県_店舗158
S159,千葉県_店舗159
S160,大阪府_店舗160
S161,高知県_店舗161
S162,広島県_店舗162
S163,宮城県_店舗163
S164,青森県_店舗164
S165,石川県_店舗165
S166,秋田県_店舗166
S167,岡山県_店舗167
S168,石川県_店舗168
S169,島根県_店舗169
S170,山口県_店舗170
S171,群馬県_店舗171
S172,兵庫県_店舗172
S173,静岡県_店舗173
S174,愛媛県_店舗174
S175,鹿児島県_店舗175
S176,和歌山県_店舗176
S177,兵庫県_店舗177
S178,千葉県_店舗178
S179,佐賀県_店舗179
S180,三重県_店舗180
S181,岡山県_店舗181
S182,山梨県_店舗182
S183,高知県_店舗183
S184,島根県_店舗184
S185,千葉県_店舗185
S186,和歌山県_店舗186
S187,島根県_店舗187
S188,岡山県_店舗188
S189,香川県_店舗189
S190,石川県_店舗190
S191,群馬県_店舗191
S192,長崎県_店舗192
S193,広島県_店舗193
S194,山梨県_店舗194
S195,東京都_店舗195
S196,長野県_店舗196
S197,東京都_店舗197
S198,秋田県_店舗198
S199,奈良県_店舗199
S200,山形県_店舗200
S201,滋賀県_店舗201
S202,岐阜県_店舗202
S203,栃木県_店舗203
S204,神奈川県_店舗204
S205,秋田県_店舗205
S206,富山県_店舗206
S207,静岡県_店舗207
S208,大分県_店舗208
S209,秋田県_店舗209
S210,広島県_店舗210
S211,福井県_店舗211
S212,福島県_店舗212
S213,熊本県_店舗213
S214,広島県_店舗214
S215,茨城県_店舗215
S216,和歌山県_店舗216
S217,島根県_店舗217
S218,鹿児島県_店舗218
S219,新潟県_店舗219
S220,静岡県_店舗220
S221,長崎県_店舗221
S222,長崎県_店舗222
S223,石川県_店舗223
S224,福井県_店舗224
S225,北海道_店舗225
S226,長野県_店舗226
S227,高知県_店舗227
S228,福井県_店舗228
S229,山形県_店舗229
S230,静岡県_店舗230
S231,滋賀県_店舗231
S232,島根県_店舗232
S233,岐阜県_店舗233
S234,徳島県_店舗234
S235,愛媛県_店舗235
S236,山形県_店舗236
S237,秋田県_店舗237
S238,長野県_店舗238
S239,福島県_店舗239
S240,熊本県_店舗240
S241,大阪府_店舗241
S242,岐阜県_店舗242
S243,鳥取県_店舗243
S244,茨城県_店舗244
S245,静岡県_店舗245
S246,岐阜県_店舗246
S247,鹿児島県_店舗247
S248,山口県_店舗248
S249,滋賀県_店舗249
S250,大阪府_店舗250
S251,鳥取県_店舗251
S252,千葉県_店舗252
S253,鹿児島県_店舗253
S254,長野県_店舗254
S255,宮城県_店舗255
S256,大分県_店舗256
S257,鹿児島県_店舗257
S258,栃木県_店舗258
S259,静岡県_店舗259
S260,富山県_店舗260
S261,大分県_店舗261
S262,宮崎県_店舗262
S263,香川県_店舗263
S264,福島県_店舗264
S265,京都府_店舗265
S266,埼玉県_店舗266
S267,神奈川県_店舗267
S268,福岡県_店舗268
S269,北海道_店舗269
S270,徳島県_店舗270
S271,北海道_店舗271
S272,千葉県_店舗272
S273,秋田県_店舗273
S274,秋田県_店舗274
S275,福岡県_店舗275
S276,和歌山県_店舗276
S277,富山県_店舗277
S278,埼玉県_店舗278
S279,岐阜県_店舗279
S280,岡山県_店舗280
S281,愛媛県_店舗281
S282,高知県_店舗282
S283,青森県_店舗283
S284,徳島県_店舗284
S285,鳥取県_店舗285
S286,京都府_店舗286
S287,熊本県_店舗287
S288,鳥取県_店舗288
S289,奈良県_店舗289
S290,山梨県_店舗290
S291,石川県_店舗291
S292,秋田県_店舗292
S293,岡山県_店舗293
S294,栃木県_店舗294
S295,福井県_店舗295
S296,福島県_店舗296
S297,長崎県_店舗297
S298,京都府_店舗298
S299,長野県_店舗299
S300,鹿児島県_店舗300
